str||str
disqualifies||disqualifies
acceloraptors||acceloraptors
accessors||accessors
aka||aka
allomorphic||allomorphic
anded||anded
antarctican||antarctican
apocalypses||apocalypses
argumentless||argumentless
autoanchoring||autoanchoring
autoboxing||autoboxing
autodef||autodef
autodefine||autodefine
autodefs||autodefs
autogenerate||autogenerate
autogenerated||autogenerated
autogenerates||autogenerates
autoinstantiates||autoinstantiates
autoloaded||autoloaded
autoloaders||autoloaders
autoloading||autoloading
autoloads||autoloads
autometh||autometh
automethdef||automethdef
autoquote||autoquote
autosub||autosub
autosubdef||autosubdef
autovar||autovar
autovardef||autovardef
bareword||bareword
barewords||barewords
bletch||bletch
bootstrapping||bootstrapping
buildall||buildall
cachable||cachable
cando||cando
checksumming||checksumming
circumfix||circumfix
circumfixes||circumfixes
cloner||cloner
codepoint||codepoint
codepoints||codepoints
coercions||coercions
conjecturally||conjecturally
conjunctional||conjunctional
conventionalize||conventionalize
coroutine||coroutine
cpan||cpan
curlies||curlies
dayofweek||dayofweek
declarators||declarators
defaultanswer||defaultanswer
delegator||delegator
deref||deref
dereferenced||dereferenced
destroyall||destroyall
disambiguate||disambiguate
disambiguator||disambiguator
disjunctional||disjunctional
dostuff||dostuff
dwimmery||dwimmery
dwimming||dwimming
elems||elems
en||en
exegeses||exegeses
extraargs||extraargs
failsoft||failsoft
getattributes||getattributes
getmethods||getmethods
grok||grok
groomable||groomable
grungy||grungy
guthlophikralique||guthlophikralique
http||http
hyperloop||hyperloop
hyperoperator||hyperoperator
hypers||hypers
id||id
infix||infix
ins||ins
interpolate||interpolate
interpolater||interpolater
interpolates||interpolates
invocant||invocant
invocants||invocants
irreconcilably||irreconcilably
isa||isa
java||java
jit||jit
legband||legband
liskov||liskov
longtail||longtail
lookaheads||lookaheads
mesg||mesg
metaclasses||metaclasses
metadatum||metadatum
metamethod||metamethod
metamethods||metamethods
metamodule||metamodule
metaobject||metaobject
metaobjects||metaobjects
metarole||metarole
methodname||methodname
mi||mi
minimalistic||minimalistic
misdesign||misdesign
misordering||misordering
mod||mod
multies||multies
multimethod||multimethod
multimethods||multimethods
multis||multis
multisub||multisub
multisubs||multisubs
mutators||mutators
mybase||mybase
myclass||myclass
nextish||nextish
nilly||nilly
nonwrapper||nonwrapper
numerify||numerify
numification||numification
obj||obj
ogi||ogi
oo||oo
orwant||orwant
paque||paque
parameterize||parameterize
parameterless||parameterless
parens||parens
parenthesize||parenthesize
parenthesizing||parenthesizing
pasm||pasm
pdf||pdf
perl||perl
pessimizer||pessimizer
plexor||plexor
pmc||pmc
polymorphically||polymorphically
ponie||ponie
pos||pos
positionals||positionals
postcircumfix||postcircumfix
pragma||pragma
precalculated||precalculated
precomputed||precomputed
preconstructed||preconstructed
predeclared||predeclared
printline||printline
pseudoclass||pseudoclass
qw||qw
randomlistop||randomlistop
realclass||realclass
redispatch||redispatch
redispatches||redispatches
regexen||regexen
reinitialized||reinitialized
rescan||rescan
rfc||rfc
ribbit||ribbit
rindex||rindex
roley||roley
rw||rw
sheesh||sheesh
sigiled||sigiled
sigils||sigils
signatureless||signatureless
simulataneously||simulataneously
slobbery||slobbery
smartmatch||smartmatch
smartmatching||smartmatching
someclass||someclass
somerole||somerole
specifier||specifier
startpc||startpc
stringification||stringification
stringifies||stringifies
stubbed||stubbed
subargument||subargument
subhuman||subhuman
submethod||submethod
submethods||submethods
subnamespace||subnamespace
substr||substr中
subtyping||subtyping
superish||superish
symbiotes||symbiotes
tagsets||tagsets
tailchasing||tailchasing
tieable||tieable
tpc||tpc
tr||tr
traitee||traitee
twigil||twigil
twigils||twigils
typename||typename
typenames||typenames
uncallable||uncallable
undef||undef
undestroy||undestroy
unicode||unicode
uninstantiated||uninstantiated
unix||unix
unthrown||unthrown
uri||uri
utf||utf
utomatically||utomatically
val||valkilmer
ve||ve
versioned||versioned
virtualize||virtualize
vs||vs
walkclass||walkclass
walkmeth||walkmeth
www||www
xml||xml
xxx||xxx
